Prediction,Years
100.0,2004-05
99.0,2005-06
101.0,2006-07
104.0,2007-08
106.0,2008-09
115.0,2009-10
123.0,2010-11
122.0,2011-12
105.19315930119278,2012-13
105.00921958062094,2013-14
105.00006176117658,2014-15
105.00000005627453,2015-16
105.00000000000695,2016-17
105.0,2017-18
105.0,2018-19
105.0,2019-20
