Prediction,Years
100.0,2004-05
101.0,2005-06
112.0,2006-07
115.0,2007-08
117.0,2008-09
127.0,2009-10
120.0,2010-11
108.0,2011-12
113.32524900758825,2012-13
113.49087308928524,2013-14
113.49990749892552,2014-15
113.49996909129239,2015-16
113.49996914754608,2016-17
113.49996914755303,2017-18
113.49996914755303,2018-19
113.49996914755303,2019-20
